{"cameraMode":{"drawMode":0,"name":"Shaded","section":"Shading Mode"},"sceneLighting":false,"audioPlay":false,"sceneViewState":{"m_AlwaysRefresh":false,"showFog":false,"showSkybox":false,"showFlares":false,"showImageEffects":false,"showParticleSystems":false,"showVisualEffectGraphs":true,"m_FxEnabled":true},"in2DMode":false,"pivot":{"x":-0.00009590387344360352,"y":0.8072789907455444,"z":0.07532685995101929},"rotation":{"x":0.017445875331759454,"y":0.955029308795929,"z":-0.2904074490070343,"w":0.057367872446775439},"size":1.3070727586746216,"orthographic":false}