{"cameraMode":{"drawMode":0,"name":"Shaded","section":"Shading Mode"},"sceneLighting":false,"audioPlay":false,"sceneViewState":{"m_AlwaysRefresh":false,"showFog":false,"showSkybox":false,"showFlares":false,"showImageEffects":false,"showParticleSystems":false,"showVisualEffectGraphs":true,"m_FxEnabled":true},"in2DMode":false,"pivot":{"x":-0.007889211177825928,"y":0.8969556093215942,"z":0.002164386212825775},"rotation":{"x":0.007119332905858755,"y":0.9422710537910461,"z":-0.3341745138168335,"w":0.020074456930160524},"size":0.7200602889060974,"orthographic":false}