{"cameraMode":{"drawMode":0,"name":"Shaded","section":"Shading Mode"},"sceneLighting":true,"audioPlay":false,"sceneViewState":{"m_AlwaysRefresh":false,"showFog":true,"showSkybox":true,"showFlares":true,"showImageEffects":true,"showParticleSystems":true,"showVisualEffectGraphs":true,"m_FxEnabled":true},"in2DMode":false,"pivot":{"x":16.16028594970703,"y":3.2102482318878176,"z":68.99781799316406},"rotation":{"x":0.09629808366298676,"y":-0.09570007771253586,"z":0.009302769787609578,"w":0.9906985759735107},"size":58.57276916503906,"orthographic":false}